{
    "rmse": 70428.20806180319,
    "r2 score": 87.99263821595848,
    "mse": 4960132490.796639,
    "train_score": 0.9934623938965595,
    "test_score": 0.9575468647770906
}